{
  "mercedes": {
    "team": "mercedes",
    "total_rows": 1566769,
    "channels": {
      "Speed": {
        "mean": 178.73369911716816,
        "std": 86.1090677140436,
        "min": 0.0,
        "max": 358.0,
        "median": 182.14642834285715
      },
      "RPM": {
        "mean": 9484.652102051647,
        "std": 2583.668216700606,
        "min": 0.0,
        "max": 13630.0,
        "median": 10544.0
      },
      "Throttle": {
        "mean": 54.341556016490905,
        "std": 42.68199066639047,
        "min": 0.0,
        "max": 100.0,
        "median": 60.02479225830251
      },
      "Brake": {
        "mean": 0.18022631287700994,
        "std": 0.38437596610981445,
        "min": 0.0,
        "max": 1.0,
        "median": 0.0
      },
      "nGear": {
        "mean": 4.555600091653588,
        "std": 2.2749760346736854,
        "min": 0.0,
        "max": 8.0,
        "median": 5.0
      },
      "DRS": {
        "mean": 2.9763889890596507,
        "std": 4.024627869522699,
        "min": 0.0,
        "max": 14.0,
        "median": 0.0
      }
    }
  },
  "redbull": {
    "team": "redbull",
    "total_rows": 1667757,
    "channels": {
      "Speed": {
        "mean": 163.13548432063178,
        "std": 96.07157905465493,
        "min": 0.0,
        "max": 356.0,
        "median": 170.0
      },
      "RPM": {
        "mean": 8540.845539541186,
        "std": 3617.04297906184,
        "min": 0.0,
        "max": 13124.0,
        "median": 10100.468538133331
      },
      "Throttle": {
        "mean": 48.920159461908575,
        "std": 44.38218101751197,
        "min": 0.0,
        "max": 100.0,
        "median": 47.06666666666666
      },
      "Brake": {
        "mean": 0.17389463812773684,
        "std": 0.37901896930765483,
        "min": 0.0,
        "max": 1.0,
        "median": 0.0
      },
      "nGear": {
        "mean": 4.062928232350396,
        "std": 2.4267350429088124,
        "min": 0.0,
        "max": 8.0,
        "median": 4.0
      },
      "DRS": {
        "mean": 3.3180037619389395,
        "std": 4.068878076327545,
        "min": 0.0,
        "max": 14.0,
        "median": 0.0
      }
    }
  }
}