{
  "mercedes": {
    "team": "mercedes",
    "total_rows": 1483636,
    "channels": {
      "Speed": {
        "mean": 188.73975831516063,
        "std": 77.0926257219434,
        "min": 5.002778311111111,
        "max": 358.0,
        "median": 189.78333475555556
      },
      "RPM": {
        "mean": 9915.824283500735,
        "std": 1817.6456793338361,
        "min": 0.0,
        "max": 13630.0,
        "median": 10628.636853018183
      },
      "Throttle": {
        "mean": 57.364433136198315,
        "std": 41.84251594981035,
        "min": 0.0,
        "max": 100.0,
        "median": 65.71937386666667
      },
      "Brake": {
        "mean": 0.1881721662186682,
        "std": 0.3908497218175614,
        "min": 0.0,
        "max": 1.0,
        "median": 0.0
      },
      "nGear": {
        "mean": 4.80110620125152,
        "std": 2.078729790533663,
        "min": 0.0,
        "max": 8.0,
        "median": 5.0
      },
      "DRS": {
        "mean": 2.6965252932660033,
        "std": 3.945648777088112,
        "min": 0.0,
        "max": 14.0,
        "median": 0.0
      }
    }
  },
  "redbull": {
    "team": "redbull",
    "total_rows": 1444240,
    "channels": {
      "Speed": {
        "mean": 188.3626297294273,
        "std": 76.87383098959596,
        "min": 5.0024998400000005,
        "max": 356.0,
        "median": 190.19270746666666
      },
      "RPM": {
        "mean": 9783.552133678833,
        "std": 1819.317430581602,
        "min": 0.0,
        "max": 13124.0,
        "median": 10485.0
      },
      "Throttle": {
        "mean": 56.469615569301844,
        "std": 42.995106929956705,
        "min": 0.0,
        "max": 100.0,
        "median": 67.0
      },
      "Brake": {
        "mean": 0.196506120866338,
        "std": 0.39735572809942926,
        "min": 0.0,
        "max": 1.0,
        "median": 0.0
      },
      "nGear": {
        "mean": 4.680511549326981,
        "std": 1.9858369311673236,
        "min": 0.0,
        "max": 8.0,
        "median": 5.0
      },
      "DRS": {
        "mean": 2.5927276629923006,
        "std": 3.883912996394646,
        "min": 0.0,
        "max": 14.0,
        "median": 0.0
      }
    }
  },
  "ferrari": {
    "team": "ferrari",
    "total_rows": 1466876,
    "channels": {
      "Speed": {
        "mean": 186.86374518706597,
        "std": 79.03107014587822,
        "min": 5.0083328,
        "max": 365.0,
        "median": 189.0
      },
      "RPM": {
        "mean": 9672.892904248241,
        "std": 1913.4048612546578,
        "min": 0.0,
        "max": 13234.0,
        "median": 10405.0
      },
      "Throttle": {
        "mean": 59.09499552611351,
        "std": 41.12068588334837,
        "min": 0.0,
        "max": 100.0,
        "median": 71.0
      },
      "Brake": {
        "mean": 0.22290295839593804,
        "std": 0.4161938822473964,
        "min": 0.0,
        "max": 1.0,
        "median": 0.0
      },
      "nGear": {
        "mean": 4.830076979921957,
        "std": 2.0190073651825093,
        "min": 0.0,
        "max": 8.0,
        "median": 5.0
      },
      "DRS": {
        "mean": 3.0211176677510574,
        "std": 4.065776425006413,
        "min": 0.0,
        "max": 14.0,
        "median": 0.0
      }
    }
  },
  "mclaren": {
    "team": "mclaren",
    "total_rows": 1479505,
    "channels": {
      "Speed": {
        "mean": 188.5457011963161,
        "std": 77.6145487742033,
        "min": 5.0041664,
        "max": 354.0,
        "median": 192.0
      },
      "RPM": {
        "mean": 9905.449921171976,
        "std": 1815.9153710593387,
        "min": 0.0,
        "max": 13139.0,
        "median": 10627.0
      },
      "Throttle": {
        "mean": 55.25742965214927,
        "std": 42.69821165109277,
        "min": 0.0,
        "max": 100.0,
        "median": 64.0
      },
      "Brake": {
        "mean": 0.17624272983193703,
        "std": 0.38102667641732885,
        "min": 0.0,
        "max": 1.0,
        "median": 0.0
      },
      "nGear": {
        "mean": 4.65661285362334,
        "std": 2.064768514187402,
        "min": 0.0,
        "max": 8.0,
        "median": 5.0
      },
      "DRS": {
        "mean": 2.7076346480748628,
        "std": 3.964638792702301,
        "min": 0.0,
        "max": 14.0,
        "median": 0.0
      }
    }
  },
  "williams": {
    "team": "williams",
    "total_rows": 1427506,
    "channels": {
      "Speed": {
        "mean": 188.91630635964705,
        "std": 77.87117176172961,
        "min": 5.004542836363636,
        "max": 363.0,
        "median": 191.0
      },
      "RPM": {
        "mean": 9803.915639409543,
        "std": 1822.1086960673597,
        "min": 0.0,
        "max": 13533.0,
        "median": 10518.476646514922
      },
      "Throttle": {
        "mean": 56.66326624706383,
        "std": 42.079061466637356,
        "min": 0.0,
        "max": 100.0,
        "median": 64.0
      },
      "Brake": {
        "mean": 0.22070800402940513,
        "std": 0.4147241269493391,
        "min": 0.0,
        "max": 1.0,
        "median": 0.0
      },
      "nGear": {
        "mean": 4.881024668197542,
        "std": 2.0959020149906977,
        "min": 0.0,
        "max": 8.0,
        "median": 5.0
      },
      "DRS": {
        "mean": 2.700593202410358,
        "std": 3.9922404024563183,
        "min": 0.0,
        "max": 14.0,
        "median": 0.0
      }
    }
  }
}