{
  "mercedes": {
    "team": "mercedes",
    "total_rows": 1566769,
    "channels": {
      "Speed": {
        "mean": 178.73369911716816,
        "std": 86.1090677140436,
        "min": 0.0,
        "max": 358.0,
        "median": 182.14642834285715
      },
      "RPM": {
        "mean": 9484.652102051647,
        "std": 2583.668216700606,
        "min": 0.0,
        "max": 13630.0,
        "median": 10544.0
      },
      "Throttle": {
        "mean": 54.341556016490905,
        "std": 42.68199066639047,
        "min": 0.0,
        "max": 100.0,
        "median": 60.02479225830251
      },
      "Brake": {
        "mean": 0.18022631287700994,
        "std": 0.38437596610981445,
        "min": 0.0,
        "max": 1.0,
        "median": 0.0
      },
      "nGear": {
        "mean": 4.555600091653588,
        "std": 2.2749760346736854,
        "min": 0.0,
        "max": 8.0,
        "median": 5.0
      },
      "DRS": {
        "mean": 2.9763889890596507,
        "std": 4.024627869522699,
        "min": 0.0,
        "max": 14.0,
        "median": 0.0
      }
    }
  },
  "redbull": {
    "team": "redbull",
    "total_rows": 1667757,
    "channels": {
      "Speed": {
        "mean": 163.13548432063178,
        "std": 96.07157905465493,
        "min": 0.0,
        "max": 356.0,
        "median": 170.0
      },
      "RPM": {
        "mean": 8540.845539541186,
        "std": 3617.04297906184,
        "min": 0.0,
        "max": 13124.0,
        "median": 10100.468538133331
      },
      "Throttle": {
        "mean": 48.920159461908575,
        "std": 44.38218101751197,
        "min": 0.0,
        "max": 100.0,
        "median": 47.06666666666666
      },
      "Brake": {
        "mean": 0.17389463812773684,
        "std": 0.37901896930765483,
        "min": 0.0,
        "max": 1.0,
        "median": 0.0
      },
      "nGear": {
        "mean": 4.062928232350396,
        "std": 2.4267350429088124,
        "min": 0.0,
        "max": 8.0,
        "median": 4.0
      },
      "DRS": {
        "mean": 3.3180037619389395,
        "std": 4.068878076327545,
        "min": 0.0,
        "max": 14.0,
        "median": 0.0
      }
    }
  },
  "ferrari": {
    "team": "ferrari",
    "total_rows": 1466876,
    "channels": {
      "Speed": {
        "mean": 186.86374518706597,
        "std": 79.03107014587822,
        "min": 5.0083328,
        "max": 365.0,
        "median": 189.0
      },
      "RPM": {
        "mean": 9672.892904248241,
        "std": 1913.4048612546578,
        "min": 0.0,
        "max": 13234.0,
        "median": 10405.0
      },
      "Throttle": {
        "mean": 59.09499552611351,
        "std": 41.12068588334837,
        "min": 0.0,
        "max": 100.0,
        "median": 71.0
      },
      "Brake": {
        "mean": 0.22290295839593804,
        "std": 0.4161938822473964,
        "min": 0.0,
        "max": 1.0,
        "median": 0.0
      },
      "nGear": {
        "mean": 4.830076979921957,
        "std": 2.0190073651825093,
        "min": 0.0,
        "max": 8.0,
        "median": 5.0
      },
      "DRS": {
        "mean": 3.0211176677510574,
        "std": 4.065776425006413,
        "min": 0.0,
        "max": 14.0,
        "median": 0.0
      }
    }
  },
  "mclaren": {
    "team": "mclaren",
    "total_rows": 1479505,
    "channels": {
      "Speed": {
        "mean": 188.5457011963161,
        "std": 77.6145487742033,
        "min": 5.0041664,
        "max": 354.0,
        "median": 192.0
      },
      "RPM": {
        "mean": 9905.449921171976,
        "std": 1815.9153710593387,
        "min": 0.0,
        "max": 13139.0,
        "median": 10627.0
      },
      "Throttle": {
        "mean": 55.25742965214927,
        "std": 42.69821165109277,
        "min": 0.0,
        "max": 100.0,
        "median": 64.0
      },
      "Brake": {
        "mean": 0.17624272983193703,
        "std": 0.38102667641732885,
        "min": 0.0,
        "max": 1.0,
        "median": 0.0
      },
      "nGear": {
        "mean": 4.65661285362334,
        "std": 2.064768514187402,
        "min": 0.0,
        "max": 8.0,
        "median": 5.0
      },
      "DRS": {
        "mean": 2.7076346480748628,
        "std": 3.964638792702301,
        "min": 0.0,
        "max": 14.0,
        "median": 0.0
      }
    }
  },
  "williams": {
    "team": "williams",
    "total_rows": 1427506,
    "channels": {
      "Speed": {
        "mean": 188.91630635964705,
        "std": 77.87117176172961,
        "min": 5.004542836363636,
        "max": 363.0,
        "median": 191.0
      },
      "RPM": {
        "mean": 9803.915639409543,
        "std": 1822.1086960673597,
        "min": 0.0,
        "max": 13533.0,
        "median": 10518.476646514922
      },
      "Throttle": {
        "mean": 56.66326624706383,
        "std": 42.079061466637356,
        "min": 0.0,
        "max": 100.0,
        "median": 64.0
      },
      "Brake": {
        "mean": 0.22070800402940513,
        "std": 0.4147241269493391,
        "min": 0.0,
        "max": 1.0,
        "median": 0.0
      },
      "nGear": {
        "mean": 4.881024668197542,
        "std": 2.0959020149906977,
        "min": 0.0,
        "max": 8.0,
        "median": 5.0
      },
      "DRS": {
        "mean": 2.700593202410358,
        "std": 3.9922404024563183,
        "min": 0.0,
        "max": 14.0,
        "median": 0.0
      }
    }
  }
}